ID,Type,SKU,Name,Published,"Is featured?","Visibility in catalog","Short description",Description,"Date sale price starts","Date sale price ends","Tax status","Tax class","In stock?",Stock,"Backorders allowed?","Sold individually?","Weight (lbs)","Length (in)","Width (in)","Height (in)","Allow customer reviews?","Purchase note","Sale price","Regular price",Categories,Tags,"Shipping class",Images,"Download limit","Download expiry days",Parent,"Grouped products",Upsells,Cross-sells,"External URL","Button text",Position,"Attribute 1 name","Attribute 1 value(s)","Attribute 1 visible","Attribute 1 global","Attribute 2 name","Attribute 2 value(s)","Attribute 2 visible","Attribute 2 global","Meta: _wpcom_is_markdown","Download 1 name","Download 1 URL","Download 2 name","Download 2 URL"
Simple	1010	3Care Boekweit crackers glutenvrij	1	0	visible	, 	,	taxable	,	,	1	,	2,5	Category 6
Simple	1009	3Care Boekweitvlokken	1	0	visible	, 	,	taxable	,	,	1	,	4	Category 6
Simple	1140	3Care Boodschappenpakket	1	0	visible	, 	,	taxable	,	,	1	,	64	Category 6
Simple	1115	3Care Chiazaad 300 gram	1	0	visible	, 	,	taxable	,	,	1	,	3,6	Category 6
Simple	1116	3Care Chiazaad 600 gram	1	0	visible	, 	,	taxable	,	,	1	,	6,1	Category 6
Simple	1004	3Care Complex	1	0	visible	, 	,	taxable	,	,	1	,	46,7	Category 6
Simple	1003	3Care Excellent Multi + Salmon Fresh	1	0	visible	, 	,	taxable	,	,	1	,	97,6	Category 6
Simple	1000	3Care Gezondheidsprogramma januari aanbieding	1	0	visible	, 	,	taxable	,	,	1	,	297	Category 6
Simple	1001	3Care Gezondheidsprogramma Totaalpakket	1	0	visible	, 	,	taxable	,	,	1	,	380	Category 6
Simple	1118	3Care Hazelnootolie 250 ml	1	0	visible	, 	,	taxable	,	,	1	,	10,2	Category 6
Simple	1117	3Care Hazelnootolie 500 ml (blik)	1	0	visible	, 	,	taxable	,	,	1	,	17,3	Category 6
Simple	1119	3Care Herbamare 250 gram	1	0	visible	, 	,	taxable	,	,	1	,	4,1	Category 6
Simple	1121	3Care Himalayazout navulling 475 gram	1	0	visible	, 	,	taxable	,	,	1	,	6,65	Category 6
Simple	1120	3Care Himalayazout potje 275 gram	1	0	visible	, 	,	taxable	,	,	1	,	6,1	Category 6
Simple	1122	3Care Johannesbroodpitmeel	1	0	visible	, 	,	taxable	,	,	1	,	6	Category 6
Simple	1123	3Care Ketosticks	1	0	visible	, 	,	taxable	,	,	1	,	11,4	Category 6
Simple	1129	3Care Konjac Rice, Pasta of Noodles	1	0	visible	, 	,	taxable	,	,	1	,	1,2	Category 6
Simple	1131	3Care Konjac Spaghetti	1	0	visible	, 	,	taxable	,	,	1	,	1,1	Category 6
Simple	1006	3Care Proteïne poeder	1	0	visible	, 	,	taxable	,	,	1	,	23,85	Category 6
Simple	1005	3Care Salmon Fresh	1	0	visible	, 	,	taxable	,	,	1	,	27,5	Category 6
Simple	1002	3Care Startpakket Programmamap	1	0	visible	, 	,	taxable	,	,	1	,	30,3	Category 6
Simple	1127	3Care Vis collageen 300 gram	1	0	visible	, 	,	taxable	,	,	1	,	18,5	Category 6
Simple	8110	Alka Basisch badzout PH waarde van 8.5 inhoud 250 gram	1	0	visible	, 	Alka&reg; Bad is speciaal basisch badzout om te genieten van ontzurende lig-, hand- of voetbaden. De zeer rijke basische mineralenformule helpt het lichaam met het afvoeren van zure afvalstoffen en ondersteunt alle huidcondities .	taxable	,	,	1	,	9,95	Category 6
Simple	8113	Alka basische druppels 55 ml	1	0	visible	, 	Het drinken van basisch water stimuleert het natuurlijke ontzuringsproces van uw lichaam. Zo kunt u overtollige zure afvalstoffen weer neutraliseren en afvoeren. 	taxable	,	,	1	,	29,95	Category 6
Simple	8111	Alka Basische zout & olie scrub PH waarde van 7,6 inhoud 250 gram	1	0	visible	, 	Alka&reg; Scrub is een unieke basische zout &amp; olie scrubformule voor het gehele lichaam. De lichaamsscrub bestaat uit fijne korrels van ongeraffineerd Himalayazout en natriumbicarbonaat en natuurlijke verzorgende oli&euml;n.Alka&reg; Scrub neutraliseert overtollige zure afvalstoffen, verwijdert dode huidcellen en mineraliseert de huid.	taxable	,	,	1	,	14,95	Category 6
Simple	8107	Alka calcium 90 tabletten	1	0	visible	, 	Alka&reg; Tabs Calcium draagt bij tot een gezond zuur-base evenwicht en ondersteunt het behoud van sterke botten.	taxable	,	,	1	,	24,95	Category 6
Simple	8109	Alka crème 150 ml	1	0	visible	, 	Met een basische pH-waarde van 8,2 ondersteunt Alka&reg; Cr&egrave;me de gezonde zuurgraad van de huid door zure afvalstoffen te neutraliseren. Door de unieke basische formule en de rijke selectie natuurlijke oli&euml;n is Alka&reg; Cr&egrave;me veelzijdig in gebruik en een uitkomst voor veel huidcondities en huidtypes.	taxable	,	,	1	,	29,95	Category 6
Simple	8108	Alka crème basische crème met PH waarde 8.2 inhoud50 ml	1	0	visible	, 	Met een basische pH-waarde van 8,2 ondersteunt Alka&reg; Cr&egrave;me de gezonde zuurgraad van de huid door zure afvalstoffen te neutraliseren. Door de unieke basische formule en de rijke selectie natuurlijke oli&euml;n is Alka&reg; Cr&egrave;me veelzijdig in gebruik en een uitkomst voor veel huidcondities en huidtypes.	taxable	,	,	1	,	14,95	Category 6
Simple	8106	Alka Magnesium 90 tabletten	1	0	visible	, 	Alka&reg; Tabs Magnesium biedt een unieke dubbele werking.Met de speciale maagzuurresistente tabletten vult u op een effeci&euml;nte manier uw magnesiumvoorraad weer aan terwijl u tegelijkertijd uw lichaam ontzuurt.	taxable	,	,	1	,	24,95	Category 6
Simple	8113	Alka scrub pads inhoud 4 stuks voor ieder lichaamsdeel 1	1	0	visible	, 	Alka&reg; Scrub Pads is een set van 4 Luffa scrubsponzen, ieder met een verschillende structuur. Ze zijn speciaal ontwikkeld voor het reinigen en verzorgen van de huid.Gezicht, lichaam, voeten (eelt verwijderen) 	taxable	,	,	1	,	9,95	Category 6
Simple	8101	Alka thee 100 zakjes	1	0	visible	, 	100 zakjes ontzurende en lichaamsreinigende thee met een selectie van 52 kruiden	taxable	,	,	1	,	24,95	Category 6
Simple	8100	Alka thee 50 zakjes	1	0	visible	, 	50 zakjes ontzurende en lichaamsreinigende thee met een selectie van 52 kruiden	taxable	,	,	1	,	14,95	Category 6
Simple	8105	Alka verzuringstest 100 strips	1	0	visible	, 	Alka verzuringstest PH waarde via urineof het testen van drinkwater	taxable	,	,	1	,	18,95	Category 6
Simple	8102	Alka verzuringstest 15 strips	1	0	visible	, 	15 strips om uw zuurgraad te testen via urine	taxable	,	,	1	,	3,95	Category 6
Simple	8112	Alka vlies gezichtsmaskers 24 stuks	1	0	visible	, 	Alka&reg; Vliesmaskers zijn gemaakt van 100% katoen en speciaal ontwikkeld voor de reiniging en verzorging van het gezicht.Geweekt in Alka&reg; badwater met natuurlijke ingredi&euml;nten voedt het vliesmasker de gezichtshuid met waardevolle mineralen.Inhoud: 24 vliesmaskers	taxable	,	,	1	,	9,95	Category 6
Simple	8103	Alka Voet en Nagel kuur	1	0	visible	, 	20 daagse voet en nagelkuur 	taxable	,	,	1	,	39,95	Category 6
Simple	8104	Alka Zuur-base kuur	1	0	visible	, 	30 dagen kuur met 3 Alka producten, ontzuren van uw lichaam voor een betere opname van voedingstoffen, vitaminen en mineralen	taxable	,	,	1	,	54,95	Category 6
Simple	1008	Appelvezel by LEV&Healthy	1	0	visible	, 	,	taxable	,	,	1	,	4	Category 6
Simple	8002	Bananenhaverbrood by Ilona	1	0	visible	, 	,	taxable	,	,	1	,	7,5	Category 6
Simple	5008	Bonusan Haematonyl (ijzersupplement) 60 stuks	1	0	visible	, 	Om de dag slikken	taxable	,	,	1	,	16,7	Category 6
Simple	5001	Bonusan Magnesan Forte Plus 160 stuks	1	0	visible	, 	,	taxable	,	,	1	,	69,2	Category 6
Simple	5000	Bonusan Magnesan Forte plus 60 stuks	1	0	visible	, 	,	taxable	,	,	1	,	27,4	Category 6
Simple	5002	Bonusan Magnesan Forte plus poeder 120 gram	1	0	visible	, 	,	taxable	,	,	1	,	24,4	Category 6
Simple	5003	Bonusan Magnesan Forte plus poeder 240 gram	1	0	visible	, 	,	taxable	,	,	1	,	43,4	Category 6
Simple	5005	Bonusan Vitamine C-1000 Ascorbatencomplex (gebufferde c) 100 stuks	1	0	visible	, 	,	taxable	,	,	1	,	28,3	Category 6
Simple	5006	Bonusan Vitamine C-1000 Ascorbatencomplex (gebufferde C) 200 stuks	1	0	visible	, 	,	taxable	,	,	1	,	52,2	Category 6
Simple	5004	Bonusan Vitamine C-1000 ascorbinezuur 100 stuks	1	0	visible	, 	,	taxable	,	,	1	,	18,7	Category 6
Simple	5010	Bonusan Vitamine D3 120 stuks 75 mcg	1	0	visible	, 	,	taxable	,	,	1	,	39,9	Category 6
Simple	5009	Bonusan Vitamine D3 60 stuks 75 mcg	1	0	visible	, 	,	taxable	,	,	1	,	20,9	Category 6
Simple	5007	Bonusan Vitamine K2&D3 60 stuks	1	0	visible	, 	,	taxable	,	,	1	,	32,5	Category 6
Simple	8004	Borg voor weckpot Bakmix Brood met LEV	1	0	visible	, 	Deze borg is eenmalig, als je je lege pot weer bij ons inlevert, bij de aanschaf van een nieuwe mix.Je betaald dan  &euro;4.50 voor alleen de mix.	taxable	,	,	1	,	1,5	Category 6
Simple	1111	Bouillon Morga	1	0	visible	, 	,	taxable	,	,	1	,	5	Category 6
Simple	8001	Brood met LEV	1	0	visible	, 	Brood naar het recept van Iona.	taxable	,	,	1	,	8,5	Category 6
Simple	8003	Brood met LEV mix	1	0	visible	, 	,	taxable	,	,	1	,	4,5	Category 6
Simple	8007	Cacaonibs by LEV&Healthy 250 gram	1	0	visible	, 	,	taxable	,	,	1	,	4,5	Category 6
Simple		Celzout nummer 11 Silicea 400 tabletten	1	0	visible	, 	Silicium: 5 tot 7 tabletten per dag, start met 1 &agrave; 2 en langzaam opbouwen.Hoe sneller het smelt op de tong en hoe zoeter het smaakt, hoe meer het lichaam het nodig heeft.Tijdstip van inname is niet belangrijk, bij medicatie gebruik altijd twee uur tussen supplementen en medicatie behouden.	taxable	,	,	1	,	9,95	Category 6
Simple	1114	Culieet gezoet met stevia	1	0	visible	, 	,	taxable	,	,	1	,	7,7	Category 6
Simple	1113	Culieet glutenvrij	1	0	visible	, 	,	taxable	,	,	1	,	8,7	Category 6
Simple	1112	Culieet ongezoet	1	0	visible	, 	,	taxable	,	,	1	,	7,7	Category 6
Simple		Eqology bloedtest (vingerprik) Omega 3 en Omega 6/3 verhouding	1	0	visible	, 	,	taxable	,	,	1	,	84	Category 6
Simple	4003	Eqology Collageen 30 sticks	1	0	visible	, 	,	taxable	,	,	1	,	39	Category 6
Simple	4006	Eqology Energy Booster	1	0	visible	, 	Multivitamine voor meer energie	taxable	,	,	1	,	34	Category 6
Simple		Eqology kids oil	1	0	visible	, 	,	taxable	,	,	1	,	26	Category 6
Simple	4000	Eqology Omega 3 olie citroensmaak	1	0	visible	, 	,	taxable	,	,	1	,	36	Category 6
Simple	4001	Eqology Omega 3 olie sinaasappelsmaak	1	0	visible	, 	,	taxable	,	,	1	,	36	Category 6
Simple	4004	Eqology Proteïne Shake Vegan (actie 4 voor ? 99.00)	1	0	visible	, 	,	taxable	,	,	1	,	99	Category 6
Simple	4002	Eqology Vitamine K2/D3 30 capsules	1	0	visible	, 	,	taxable	,	,	1	,	28	Category 6
Simple	4005	Eqology vloeibare Multivitamine 880 ml	1	0	visible	, 	,	taxable	,	,	1	,	26,5	Category 6
Simple		Ergomax collageen	1	0	visible	, 	,	taxable	,	,	1	,	24,95	Category 6
Simple	9201	Exendo Glycine Magnesium	1	0	visible	, 	Glycine Magnesium voor het slapengaan, beter inslapen, beter doorslapen	taxable	,	,	1	,	44,5	Category 6
Simple	9200	Exendo Kaemferol	1	0	visible	, 	Geschikt voor hooikoortsklachten maar ook als natuurlijke pijnstiller	taxable	,	,	1	,	42,2	Category 6
Simple		Face cream travelsize Loveli	1	0	visible	, 	,	taxable	,	,	1	,	4,99	Category 6
Simple	8000	Granola met LEV	1	0	visible	, 	Homemade Granola by Ilona	taxable	,	,	1	,	7,95	Category 6
Simple	5500	Himalaya magnesium olie spray	1	0	visible	, 	,	taxable	,	,	1	,	16,95	Category 6
Simple	1180	Himalayazout navulling 950 gram	1	0	visible	, 	,	taxable	,	,	1	,	8,95	Category 6
Simple	1181	Juso Psyllium	1	0	visible	, 	,	taxable	,	,	1	,	10,5	Category 6
Simple		Kokosvlokken 200 gram	1	0	visible	, 	,	taxable	,	,	1	,	5,75	Category 6
Simple	10000	Leermiddelen Leefstijlcoaching	1	0	visible	, 	Leermiddelen Leefstijlcoaching	taxable	,	,	1	,	1108,4	Category 6
Simple	8005	LEV&Healthy potje Backing Soda	1	0	visible	, 	,	taxable	,	,	1	,	0	Category 6
Simple	8006	LEV&Healthy potje Himalayazout/Keltisch zeezout	1	0	visible	, 	,	taxable	,	,	1	,	0	Category 6
Simple	7009	Loveli Body Wash 200 ml	1	0	visible	, 	,	taxable	,	,	1	,	14,99	Category 6
Simple	7008	Loveli Body wash travel 50 ml	1	0	visible	, 	,	taxable	,	,	1	,	4,99	Category 6
Simple	7100	Loveli deo man 30 ml	1	0	visible	, 	,	taxable	,	,	1	,	7,99	Category 6
Simple	7101	Loveli deo man 75 ml	1	0	visible	, 	,	taxable	,	,	1	,	14,99	Category 6
Simple	7010	Loveli deo mini	1	0	visible	, 	&euro; 2.99 per stuk, 4 voor &euro; 10.00	taxable	,	,	1	,	2,99	Category 6
Simple	7000	Loveli deodorant diverse geuren 30 ml	1	0	visible	, 	,	taxable	,	,	1	,	7,99	Category 6
Simple	7001	Loveli deodorant diverse geuren 75 ml	1	0	visible	, 	,	taxable	,	,	1	,	14,99	Category 6
Simple	7002	Loveli deodorant navulling diverse geuren 30 ml	1	0	visible	, 	,	taxable	,	,	1	,	5,99	Category 6
Simple	7003	Loveli deodorant navulling diverse geuren 75 ml	1	0	visible	, 	,	taxable	,	,	1	,	7,99	Category 6
Simple	7007	Loveli Hand cream 200 ml	1	0	visible	, 	Honey suckle	taxable	,	,	1	,	14,99	Category 6
Simple	7006	Loveli Handcream 50 ml	1	0	visible	, 	Honey suckle	taxable	,	,	1	,	7,99	Category 6
Simple	7011	Loveli lipbalm diverse varianten	1	0	visible	, 	,	taxable	,	,	1	,	5,99	Category 6
Simple	7004	Loveli suncream  factor 30  (50 ml)	1	0	visible	, 	,	taxable	,	,	1	,	9,99	Category 6
Simple	7005	Loveli Suncream factor 30 (150 ml)	1	0	visible	, 	,	taxable	,	,	1	,	21,99	Category 6
Simple	1124	Mattison MCT olie 500 ml	1	0	visible	, 	,	taxable	,	,	1	,	16,5	Category 6
Simple	1007	Mattison Psyllium vezels	1	0	visible	, 	,	taxable	,	,	1	,	10,5	Category 6
Simple	2009	New Care C 100- TR 120 stuks	1	0	visible	, 	,	taxable	,	,	1	,	23,95	Category 6
Simple	2008	New Care C1000 TR 60 stuks	1	0	visible	, 	,	taxable	,	,	1	,	13,95	Category 6
Simple	2007	New Care Energie 60 stuks	1	0	visible	, 	,	taxable	,	,	1	,	22,95	Category 6
Simple	2006	New Care Hormoonbalans  30 + 30	1	0	visible	, 	,	taxable	,	,	1	,	32,95	Category 6
Simple	2010	New Care Kinderomega 90 stuks	1	0	visible	, 	,	taxable	,	,	1	,	11,95	Category 6
Simple	2000	New Care Magnesium	1	0	visible	, 	,	taxable	,	,	1	,	21,95	Category 6
Simple	2001	New Care Magnesium Bisglycinaat 60 stuks	1	0	visible	, 	,	taxable	,	,	1	,	17,95	Category 6
Simple	2002	New Care Magnesium Sticks 30 stuks	1	0	visible	, 	,	taxable	,	,	1	,	15,95	Category 6
Simple	2005	New Care Multi Vitamine 120 stuks	1	0	visible	, 	,	taxable	,	,	1	,	46,25	Category 6
Simple	2004	New Care Vitamine D3 100 stuks	1	0	visible	, 	,	taxable	,	,	1	,	20,5	Category 6
Simple	2011	New Care Zink 90 capsules	1	0	visible	, 	,	taxable	,	,	1	,	11,95	Category 6
Simple	1200	Noets mixen, diverse varianten	1	0	visible	, 	Noets broodmixen diverse varianten	taxable	,	,	1	,	6,99	Category 6
Simple	8006	Psyllium by LEV&Healthy	1	0	visible	, 	,	taxable	,	,	1	,	8,95	Category 6
Simple		Statiegeld weckpot	1	0	visible	, 	Pot kan een volgende keer omgeruild worden voor een nieuwe gevulde pot.	taxable	,	,	1	,	1,5	Category 6
Simple	1125	Stevia vloeibaar 30 ml	1	0	visible	, 	,	taxable	,	,	1	,	5,75	Category 6
Simple	1126	Stevia vloeibaar 90 ml	1	0	visible	, 	,	taxable	,	,	1	,	12,25	Category 6
Simple	9104	Thermokleding broek maat L	1	0	visible	, 	,	taxable	,	,	1	,	11,99	Category 6
Simple	9103	Thermokleding broek maat M	1	0	visible	, 	,	taxable	,	,	1	,	11,99	Category 6
Simple	9105	Thermokleding broek maat XL	1	0	visible	, 	,	taxable	,	,	1	,	11,99	Category 6
Simple	9101	Thermokleding shirt maat L	1	0	visible	, 	,	taxable	,	,	1	,	14,99	Category 6
Simple	9100	Thermokleding shirt maat M	1	0	visible	, 	,	taxable	,	,	1	,	14,99	Category 6
Simple	9102	Thermokleding shirt maat XL	1	0	visible	, 	,	taxable	,	,	1	,	14,99	Category 6
Simple	9000	Verzendkosten	1	0	visible	, 	,	taxable	,	,	1	,	6,25	Category 6
Simple	3012	Vitakruid Ashwagandha KSM-66® & Bioperine 60 vega capsules	1	0	visible	, 	,	taxable	,	,	1	,	22,9	Category 6
Simple	3013	Vitakruid Atrimove granulaat poeder 440 gram	1	0	visible	, 	GlucosamineAtrimove&reg; bevat 2000 mg glucosaminesulfaat. Dit staat gelijk aan 1750 elementaire glucosamine. Wereldwijd is er geen enkel glucosamine supplement met een dergelijk hoge dosering. Laat staan dat er een glucosamine product bestaat dat met zo veel andere gezondheidsbevorderende nutri&euml;nten wordt gecombineerd. Daarnaast garandeert Vitakruid de allerhoogste kwaliteitseisen met betrekking tot zuiverheid en microbiologische kwaliteit volgens United States Pharmacopoeia richtlijnen.	taxable	,	,	1	,	57,9	Category 6
Simple	3029	Vitakruid Atrimove pot 440 gram (2 pack)	1	0	visible	, 	,	taxable	,	,	1	,	104,9	Category 6
Simple		Vitakruid B12 10.000 met folaat 120 smelttabletten	1	0	visible	, 	,	taxable	,	,	1	,	79,9	Category 6
Simple		Vitakruid B12 10.000 met folaat 60 smelttabletten	1	0	visible	, 	,	taxable	,	,	1	,	42,9	Category 6
Simple	3028	Vitakruid B12 Combi 6000 60 smelttabletten	1	0	visible	, 	,	taxable	,	,	1	,	34,9	Category 6
Simple	3035	Vitakruid B12 Combi 6000 met folaat P5P 120 smelttabletten	1	0	visible	, 	Hoge doseringen B12Hoge doseringen B12 gecombineerd met Quatrefolic&reg; en pyridoxaal-5-fosfaat, de kern van  B12 Combi 6.000. Deze hoogwaardige combinatie heeft een aantoonbaar gunstige invloed op de vermindering van vermoeidheid en futloosheid*. Daarnaast hebben de uiterst zorgvuldig uitgekozen nutri&euml;nten in dit product een positieve invloed op het immuunsysteem, de gemoedstoestand, het geheugen en het concentratievermogen. Bovendien zorgt B12 Combi 6.000 voor een verbeterde functie van het zenuwstelsel, de aanmaak van rode bloedcellen en heeft het een rol in het cel vernieuwingsproces*. Een veelzijdig en innovatief product!	taxable	,	,	1	,	64,9	Category 6
Simple	3042	Vitakruid B-Complex actief 100 capsules	1	0	visible	, 	,	taxable	,	,	1	,	34,9	Category 6
Simple		Vitakruid Berberinne 60 vegan capsules	1	0	visible	, 	Gezondheidsbooster op vele fronten	taxable	,	,	1	,	34,9	Category 6
Simple	3025	Vitakruid Ester C 1000 mg 90 stuks	1	0	visible	, 	Ester-C&reg; is een gepatenteerde vormGepatenteerd betekent dat andere ontwikkelaars niet zo maar een calciumascorbaat gebonden aan threonzuur mogen ontwikkelen. De binding aan threonzuur heeft binnen deze verbinding meerwaarde, omdat het een zogenoemd vitamine C metaboliet is. Ons lichaam zet vitamine C van nature om in metabolieten, maar bij dit proces gaat een groot deel van de weerstandsvitamine verloren. Door het calciumascorbaat te binden aan een mataboliet neemt ons gestel de vitamine c dus direct op, zonder verspillingsprocessen te hoeven doorlopen. Threonzuur heeft tevens de eigenschap vitamine C uit lichaamsvoorraden te mobiliseren, wat Ester-C dus een tweeledig voordeel geeft ten opzichte van andere ascorbaten!  https://zakelijk.vitakruid.nl/?product-variant=216	taxable	,	,	1	,	31,9	Category 6
Simple		Vitakruid GABA 90 smelttabletten	1	0	visible	, 	,	taxable	,	,	1	,	24,9	Category 6
Simple	3036	Vitakruid Gebufferde Vitamine C 100 vega capsules	1	0	visible	, 	,	taxable	,	,	1	,	25,9	Category 6
Simple	3009	Vitakruid Gebufferde Vitamine C 150 vega capsules	1	0	visible	, 	,	taxable	,	,	1	,	36,9	Category 6
Simple		Vitakruid Geheugenformule 60 vegan capsules	1	0	visible	, 	,	taxable	,	,	1	,	72,9	Category 6
Simple	3021	Vitakruid IJzer Bisglycinaat Complex 90 stuks	1	0	visible	, 	Om de dag nemen, aangezien er maar een beperkte hoeveelheid ijzer opgenomen kan worden door de darmen.	taxable	,	,	1	,	19,9	Category 6
Simple	3003	Vitakruid Magnesium Bisglycinaat 120 stuks	1	0	visible	, 	,	taxable	,	,	1	,	32,9	Category 6
Simple	3002	Vitakruid Magnesium Bisglycinaat 60 stuks	1	0	visible	, 	,	taxable	,	,	1	,	18,9	Category 6
Simple	3001	Vitakruid Magnesium Citraat 100 stuks	1	0	visible	, 	,	taxable	,	,	1	,	19,9	Category 6
Simple	3000	Vitakruid Magnesium Complex 100 stuks	1	0	visible	, 	,	taxable	,	,	1	,	24,9	Category 6
Simple	3004	Vitakruid Magnesium Malaat pot 120 gram	1	0	visible	, 	Magnesiummalaat is een verbinding van magnesium en appelzuur. Deze combinatie is de beste keuze bij vermoeidheid en een verminderde spierwerking*. Bovendien is Magnesiummalaat de vorm van magnesium die het beste wordt opgenomen door ons spierweefsel. 	taxable	,	,	1	,	22,9	Category 6
Simple	3024	Vitakruid Mariadistel Complex Tinctuur 50 ml	1	0	visible	, 	Ondersteunt de gezondheid van de lever en galblaas**Al meer dan 2000 jaar krijgt mariadistel erkenning voor haar gezondheidsbevorderende eigenschappen**. Ze heeft met name een indrukwekkende reputatie opgebouwd met betrekking tot de ondersteuning van lever- en galblaasreiniging**. De lever is een van de belangrijkste organen in ons lichaam. Je kan het veelzijdige orgaan zien als een complexe fabriek met verschillende functies. Zo is ze essentieel voor onder andere de galproductie, de koolhydraatstofwisseling, de eiwitstofwisseling, en de vetstofwisseling. Haar primaire doel is echter het afvoeren van afvalstoffen, ofwel het ontgiften van ons lichaam*.https://zakelijk.vitakruid.nl/?product-variant=56	taxable	,	,	1	,	13,9	Category 6
Simple	3031	Vitakruid Multi Dag & Nacht Junior 300 ml & 60 ml	1	0	visible	, 	Multi Dag JuniorOverdag willen we dat ons kind goed kan leren, de mooiste tekeningen maakt en uitblinkt op het klimrek. Suppletie met de juiste voedingsstoffen op de juiste momenten kan de telg ondersteunen in zijn prestaties. Zo activeert de hoge dosering vitamine B12 in de Multi Dag Junior de natuurlijke energie in het lichaam, is de vitamine C goed voor het concentratievermogen en draagt de toegevoegde calcium bij aan de zenuwfunctie*. Een innovatieve formule speciaal gericht op de dag!Multi Nacht Junior&rsquo;s Nachts willen we vooral dat onze spruit ondersteund wordt in zijn herstel. Dit vereist totaal andere nutri&euml;nten dan een formule voor ondersteuning van energie, concentratie en co&ouml;rdinatie.Wij zijn de enige aanbieder van voedingssupplementen die rekening houdt met het bioritme van je kind. En daarom bevat de Multi Nacht Junior onder andere vitamine D, voor de opbouw van sterke botten en vitamine A, voor het herstellend vermogen van de huid*.	taxable	,	,	1	,	49,9	Category 6
Simple	3018	Vitakruid Multi Dag & Nacht Man 2 x 30 stuks	1	0	visible	, 	,	taxable	,	,	1	,	29,9	Category 6
Simple	3019	Vitakruid Multi Dag & Nacht Man 2 x 90 stuks	1	0	visible	, 	,	taxable	,	,	1	,	78,9	Category 6
Simple	3016	Vitakruid Multi Dag & Nacht Vrouw 2 x 30 stuks	1	0	visible	, 	,	taxable	,	,	1	,	29,9	Category 6
Simple	3017	Vitakruid Multi Dag & Nacht Vrouw 2 x 90 stuks	1	0	visible	, 	,	taxable	,	,	1	,	78,9	Category 6
Simple	3037	Vitakruid Multi Dag Junior	1	0	visible	, 	Een steunpilaar voor de ontwikkeling van uw kind.Overdag willen we dat ons kind goed kan leren, de mooiste tekeningen maakt en uitblinkt op het klimrek. Suppletie met de juiste voedingsstoffen op de juiste momenten kan de telg ondersteunen in zijn prestaties. Zo activeert de hoge dosering vitamine B12 in de Multi Dag Junior de natuurlijke energie in het lichaam, is de vitamine C goed voor het concentratievermogen en draagt de toegevoegde calcium bij aan de zenuwfunctie*. Een innovatieve formule speciaal gericht op de dag!	taxable	,	,	1	,	29,9	Category 6
Simple	3014	Vitakruid Multi Dag Vrouw 30 stuks	1	0	visible	, 	,	taxable	,	,	1	,	15,9	Category 6
Simple	3039	Vitakruid Multi Dag Vrouw 90 stuks	1	0	visible	, 	,	taxable	,	,	1	,	41,9	Category 6
Simple	3041	Vitakruid Multi Mama Dag & Nacht	1	0	visible	, 	,	taxable	,	,	1	,	79,9	Category 6
Simple	3038	Vitakruid Multi Nacht Junior	1	0	visible	, 	Multi Nacht Junior&rsquo;s Nachts willen we vooral dat onze spruit ondersteund wordt in zijn psychologische en fysieke gesteldheid. Dit vereist totaal andere nutri&euml;nten dan een formule voor ondersteuning van energie, concentratie en co&ouml;rdinatie. Vitakruid is de enige aanbieder van voedingssupplementen die rekening houdt met het bioritme van uw kind. En daarom bevat de Multi Nacht Junior onder andere vitamine D, voor de opbouw van sterke botten en vitamine A, voor het herstellend vermogen van de huid*.	taxable	,	,	1	,	24,9	Category 6
Simple	3015	Vitakruid Multi Nacht Vrouw 30 stuks	1	0	visible	, 	,	taxable	,	,	1	,	16,9	Category 6
Simple	3040	Vitakruid Multi Nacht Vrouw 90 stuks	1	0	visible	, 	,	taxable	,	,	1	,	42,9	Category 6
Simple	3022	Vitakruid PEA Puur 60 stuks	1	0	visible	, 	Activeren immuunsysteemInzetten bij langdurige pijnklachtenhttps://zakelijk.vitakruid.nl/?product-variant=10	taxable	,	,	1	,	37,9	Category 6
Simple		Vitakruid Prostaat formule 60 vega capsules	1	0	visible	, 	Ondersteunt de werking van de Prostaat	taxable	,	,	1	,	39,9	Category 6
Simple	3030	Vitakruid Q10 Ubiquinol 100 mg 60 veag capsules	1	0	visible	, 	Q10 Ubiquinol 100 mgBeschrijvingCo-enzym Q10 is een vetoplosbare stof die ons lichaam van nature aanmaakt in de hartcellen. In de meeste gevallen produceert het lichaam voldoende Q10, ook onze dierlijke voeding bevat kleine hoeveelheden. De lichaamseigen aanmaak kan in sommige situaties echter tekort schieten en neemt met het vorderen van de leeftijd flink af (zie onderstaande grafiek).Daarnaast zijn cholesterol verlagende statines funest voor onze natuurlijke Q10 productie. Terwijl juist mensen die deze medicijnen gebruiken zo ontzettend gebaat zijn bij een toereikend Q10 pijl.	taxable	,	,	1	,	47,89	Category 6
Simple		Vitakruid Quercetine (verhoogt de weerstand)	1	0	visible	, 	Positief effect op auto-immuniteit Verlaagd de kans op belasting van de immuniteit Vermindert de kans op hart- en vaatproblematiek Quercetine balanceert het celmembraan Quercetine verlaagt histamine status Positief effect op duur- en krachttraining Synergie tussen quercetine en vitamine C 	taxable	,	,	1	,	28,9	Category 6
Simple	3011	Vitakruid Rhodiola 500mg	1	0	visible	, 	Brengt rust in het hoofd	taxable	,	,	1	,	29,9	Category 6
Simple	3020	Vitakruid Safraan & Suntheanine 30 stuks	1	0	visible	, 	Saffraan draagt bij tot een emotionele balans en helpt ontspanning te ondersteunen.Saffraan helpt een positieve toestand te behouden.	taxable	,	,	1	,	23,9	Category 6
Simple	3034	Vitakruid Silsolutions 1000 ml	1	0	visible	, 	SilSolutionsBeschrijvingHoge hoeveelheidMaar liefst 70 mg elementair silicium per maatbeker (20 ml).SilSolutions van Vitakruid is een hoogwaardig silicium product met maar liefst 70 mg elementair silicium per maatbeker (20 ml). Wereldwijd(!) zijn er geen producten verkrijgbaar met een dermate hoog organisch, elementair silicium gehalte per dagdosering. Vitakruid mag zich dus met recht koploper binnen deze niche noemen!	taxable	,	,	1	,	44,9	Category 6
Simple	3033	Vitakruid Silsolutions 500 ml	1	0	visible	, 	SilSolutionsBeschrijvingHoge hoeveelheidMaar liefst 70 mg elementair silicium per maatbeker (20 ml).SilSolutions van Vitakruid is een hoogwaardig silicium product met maar liefst 70 mg elementair silicium per maatbeker (20 ml). Wereldwijd(!) zijn er geen producten verkrijgbaar met een dermate hoog organisch, elementair silicium gehalte per dagdosering. Vitakruid mag zich dus met recht koploper binnen deze niche noemen!	taxable	,	,	1	,	26,9	Category 6
Simple	3027	Vitakruid Super Greens poeder 2x 220 gram	1	0	visible	, 	Super Greens is een product met vitaminen, mineralen, sporenelementen, antioxidanten, aminozuren en enzymen. Daarnaast hebben we enkele pronkstukken aan de formule toegevoegd om een uniek en veelzijdig product te introduceren. Het resultaat? Een totaal product met hoogwaardige, pure ingredi&euml;nten die bijdragen aan jouw gezondheid* https://zakelijk.vitakruid.nl/?product-variant=14	taxable	,	,	1	,	94,9	Category 6
Simple	3026	Vitakruid Super Greens poeder pot 220 gram	1	0	visible	, 	Super Greens is een product met vitaminen, mineralen, sporenelementen, antioxidanten, aminozuren en enzymen. Daarnaast hebben we enkele pronkstukken aan de formule toegevoegd om een uniek en veelzijdig product te introduceren. Het resultaat? Een totaal product met hoogwaardige, pure ingredi&euml;nten die bijdragen aan jouw gezondheid* 	taxable	,	,	1	,	49,9	Category 6
Simple	3032	Vitakruid Symflora Basis	1	0	visible	, 	Symflora&reg; BasisBeschrijvingPre- en probioticaNaast probiotica bestaat er ook prebiotica. Dit zijn onverteerbare voedingsvezels die als voeding dienen voor de probiotica. Hierdoor wordt het aantal werkzame bacteri&euml;n groter, sterker en hebben ze een betere overlevingskans binnen ons verteringsgestel. We hebben ervoor gezorgd dat prebiotica al in Symflora&reg; Basis is opgenomen voor een optimale werking van de probiotica!https://zakelijk.vitakruid.nl/?product-variant=15	taxable	,	,	1	,	39,9	Category 6
Simple		Vitakruid Symflora basis 60 sachets	1	0	visible	, 	Pr&eacute; en Probiotica voor de gezondheid van de darmflora	taxable	,	,	1	,	74,9	Category 6
Simple		Vitakruid Tauraat 150 vega capsules	1	0	visible	, 	met de P5P de actieve vorm van B6Bij geestelijke inspanning.	taxable	,	,	1	,	37,9	Category 6
Simple	3023	Vitakruid Vitamine B3 Niacinamide 90 stuks	1	0	visible	, 	Niacinamide, ook bekend als nicotinamide, kennen we als de biologisch actieve vorm van vitamine B3. Ons lichaam maakt de wateroplosbare organische verbinding in beperkte mate aan uit het essenti&euml;le aminozuur tryptofaan. De omzetting van tryptofaan tot de actieve B3 vorm niacinamide verloopt echter zeer ineffici&euml;nt. Hierdoor blijft er slechts 1 mg niacinamide behouden bij een inname van 60 mg tryptofaan. Een verwaarloosbare hoeveelheid, waardoor suppletie van B3 in veel gevallen uitkomst kan bieden! https://zakelijk.vitakruid.nl/?product-variant=21	taxable	,	,	1	,	16,9	Category 6
Simple	3043	Vitakruid Vitamine B-Complex Actief zonder B6	1	0	visible	, 	Inname 1 capsule per dag, direct na de warme maaltijd.	taxable	,	,	1	,	34,9	Category 6
Simple	3010	Vitakruid Zinkmethionine & Koper 90 vega capsules	1	0	visible	, 	Inname 1 capsule per dag bij de grootste maaltijd voor een goede opname.Dit kan tijdens of direct na de maaltijd zijn.Let op! Bij onvoldoende voedsel in de maag kan deze capsule misselijkheid veroorzaken!	taxable	,	,	1	,	14,9	Category 6
Simple		Vitals Elementair Zink & Koper 60 ml	1	0	visible	, 	Gebruik:Neem met de Opti-Dose druppelaar 1 ml per dag of zoals geadviseerd. Voeg de druppels toe aan water, vruchtensap of voedsel. Schudden voor gebruik. Een lichte kristallisatie kan optreden, maar dit heeft geen invloed op de kwaliteit van het product. 	taxable	,	,	1	,	16,95	Category 6
Simple	9300	Vitals Elke dag poeder Multivitamine 250 gram	1	0	visible	, 	Optimaal opneembare Multi Vitamine	taxable	,	,	1	,	39,95	Category 6
Simple	9303	Vitals Enzymenformule Pro 90 capsules	1	0	visible	, 	,	taxable	,	,	1	,	24,95	Category 6
Simple		Vitals Vitamine A 4000 IE 100 capsules	1	0	visible	, 	,	taxable	,	,	1	,	14,95	Category 6
Simple	9301	Vitals Vitamine C poeder 200 gram	1	0	visible	, 	Ontzuurde Vitamine C, vriendelijker voor de maag	taxable	,	,	1	,	34,95	Category 6
Simple		Vitamine C &zink	1	0	visible	, 	,	taxable	,	,	1	,	9,95	Category 6
Simple		Walnoot olie blik 500 ml	1	0	visible	, 	,	taxable	,	,	1	,	17,3	Category 6
Simple		Waterstar Karaffe Dr. Emoto	1	0	visible	, 	,	taxable	,	,	1	,	97,5	Category 6
Simple	1128	Wijnsteenbakpoeder 220 gram	1	0	visible	, 	,	taxable	,	,	1	,	4,5	Category 6
